solved,iters,sol_time,obj_value,cs,c1,c2
1.0,42.0,0.0,11400.150228575985,0.45254414900295237,0.782162664457183,0.48315836883761665
1.0,44.0,0.0,13075.283652036305,0.7715286896047494,0.6703563828954813,0.20441705112913044
