dev_loss,epoch,step,train_loss_epoch,train_loss_step,training_epoch_average
,0,49,,0.20784400403499603,
0.14391250908374786,0,78,,,
,0,78,0.3629152178764343,,0.3594348132610321
