{"u_min": [0.36961403489112854, 0.06314823031425476], "u_max": [0.5, 0.5], "x_min": [0.0026324766222387552, 0.0002815347397699952], "x_max": [0.45982033014297485, 0.5649279356002808]}