epoch,step,train_loss_epoch,training_epoch_average
0,0,1.9097636938095093,1.9097635746002197
1,1,0.35968565940856934,0.35968565940856934
