epoch,step,train_loss_epoch,training_epoch_average
0,0,1.9077290296554565,1.9077290296554565
1,1,0.3584807515144348,0.3584807515144348
2,2,0.2566610276699066,0.2566610276699066
3,3,0.37344491481781006,0.37344491481781006
4,4,0.6258323192596436,0.6258323192596436
5,5,0.6383430361747742,0.6383430361747742
6,6,0.3977561593055725,0.3977561593055725
7,7,0.2955189645290375,0.2955189645290375
8,8,0.484247624874115,0.484247624874115
9,9,0.521581768989563,0.521581768989563
