solved,iters,sol_time,obj_value,cs,c1,c2
1.0,37.0,0.0,7931.455515132925,0.45753704076382695,0.7830994693235624,0.15566878148123742
1.0,47.0,0.0,16005.67625080948,0.7945234935237863,0.7632086584921477,0.8622403650330069
